filename,x.field,x.type,y.aggregate,y.field,y.type,color.field,color.type,x.aggregate,size.field,size.type,size.aggregate,color.aggregate,shape.field,shape.type,column.field,column.type,row.field,row.type
stacked_bar_count_normalized.vl.json,1,10000,10000000,1,1000,1,10000,1000,0,10,100,100,0,10,0,100,0,100
line_encoding_impute_keyvals_normalized.vl.json,1,1000,1000000,1,1000,1,10000,1000,0,10,100,100,0,10,0,100,0,100
stacked_bar_v.vl.json,1,100,100000,1,1000,1,10000,1000,0,10,100,100,0,10,0,100,0,100
selection_composition_or_normalized.vl.json,1,10000,1000000,1,100,0,1000,1000,0,10,100,100,0,10,0,100,0,100
line_max_year_normalized.vl.json,1,10,10000,1,1000,0,1000,1000,0,10,100,100,0,10,0,100,0,100
bar_aggregate_sort_by_encoding.vl.json,1,1000,1000000,1,100,0,1000,100,0,10,100,100,0,10,0,100,0,100
bar_title.vl.json,1,10000,1000000,1,1000,0,1000,1000,0,10,100,100,0,10,0,100,0,100
bar_normalized.vl.json,1,10000,1000000,1,1000,0,1000,1000,0,10,100,100,0,10,0,100,0,100
selection_project_single_cylinders_origin.vl.json,1,1000,1000000,1,1000,0,1000,1000,0,10,100,100,0,10,0,100,0,100
line_inside_domain_using_transform.vl.json,1,1000,1000000,1,1000,0,1000,1000,0,10,100,100,0,10,0,100,0,100
stacked_bar_h_normalized.vl.json,1,1000,1000000,1,10,1,10000,100,0,10,100,100,0,10,0,100,0,100
selection_composition_or.vl.json,1,10000,1000000,1,100,0,1000,1000,0,10,100,100,0,10,0,100,0,100
selection_project_interval_x_normalized.vl.json,1,10000,1000000,1,100,0,1000,1000,0,10,100,100,0,10,0,100,0,100
bar_1d_step_config.vl.json,1,1000,1000000,0,1,0,1000,100,0,10,100,100,0,10,0,100,0,100
tick_sort_normalized.vl.json,1,1000,1000000,0,1,0,1000,1000,0,10,100,100,0,10,0,100,0,100
line_impute_method_normalized.vl.json,1,1000,1000000,1,1000,1,10000,1000,0,10,100,100,0,10,0,100,0,100
selection_zoom_scatterplot_wheel_normalized.vl.json,1,1000,1000000,1,1000,0,1000,1000,1,1,100,100,0,10,0,100,0,100
selection_type_single_dblclick.vl.json,1,10000,1000000,1,100,0,1000,1000,0,10,100,100,0,10,0,100,0,100
point_2d_aggregate_normalized.vl.json,1,100,1000,1,1000,0,1000,1000,0,10,100,100,0,10,0,100,0,100
point_dot_timeunit_color.vl.json,1,1000,1000000,0,1,1,100,10,0,10,100,100,0,10,0,100,0,100
bar_1d_normalized.vl.json,1,1000,1000000,0,1,0,1000,100,0,10,100,100,0,10,0,100,0,100
point_log_normalized.vl.json,1,1000,1000000,1,1000,0,1000,1000,0,10,100,100,0,10,0,100,0,100
line_impute_transform_value_normalized.vl.json,1,1000,1000000,1,1000,1,10000,1000,0,10,100,100,0,10,0,100,0,100
point_bubble.vl.json,1,1000,1000000,1,1000,0,1000,1000,1,1,100,100,0,10,0,100,0,100
selection_project_interval_x.vl.json,1,10000,1000000,1,100,0,1000,1000,0,10,100,100,0,10,0,100,0,100
bar_1d.vl.json,1,1000,1000000,0,1,0,1000,100,0,10,100,100,0,10,0,100,0,100
bar_size_step_small.vl.json,1,100,10000000,0,1000,0,1000,1000,0,10,100,100,0,10,0,100,0,100
selection_toggle_shiftKey_normalized.vl.json,1,1000,1000000,1,1000,0,1000,1000,0,10,100,100,0,10,0,100,0,100
circle_binned_maxbins_5.vl.json,1,1000,1000000,1,1000,0,1000,1000,0,1,10,100,0,10,0,100,0,100
selection_project_interval_normalized.vl.json,1,10000,1000000,1,100,0,1000,1000,0,10,100,100,0,10,0,100,0,100
line_timeunit_transform_normalized.vl.json,1,10,10000,1,1000,0,1000,1000,0,10,100,100,0,10,0,100,0,100
rule_color_mean.vl.json,0,1,100,1,1000,1,10000,1000,0,10,100,100,0,10,0,100,0,100
selection_project_single_cylinders_normalized.vl.json,1,1000,1000000,1,1000,0,1000,1000,0,10,100,100,0,10,0,100,0,100
bar_aggregate_vertical_normalized.vl.json,1,10000,100,1,1000,0,1000,1000,0,10,100,100,0,10,0,100,0,100
stacked_bar_population.vl.json,1,10000,100000,1,1000,1,10000,1000,0,10,100,100,0,10,0,100,0,100
bar_yearmonth.vl.json,1,10,100,1,1000,0,1000,1000,0,10,100,100,0,10,0,100,0,100
selection_type_multi_normalized.vl.json,1,10000,1000000,1,100,0,1000,1000,0,10,100,100,0,10,0,100,0,100
rect_heatmap.vl.json,1,10000,1000000,1,10,1,10,1000,0,10,100,10,0,10,0,100,0,100
line_sort_axis_normalized.vl.json,1,100,1000000,1,1000,0,1000,1000,0,10,100,100,0,10,0,100,0,100
point_color_with_shape_normalized.vl.json,1,1000,1000000,1,1000,1,10000,1000,0,10,100,100,1,1,0,100,0,100
selection_project_interval_y.vl.json,1,10000,1000000,1,100,0,1000,1000,0,10,100,100,0,10,0,100,0,100
point_1d.vl.json,1,1000,1000000,0,1,0,1000,1000,0,10,100,100,0,10,0,100,0,100
interactive_paintbrush_interval_normalized.vl.json,1,1000,1000000,1,1000,0,1000,1000,0,10,100,100,0,10,0,100,0,100
stacked_area_normalized.vl.json,1,10,100000,1,1000,1,10000,1000,0,10,100,100,0,10,0,100,0,100
line_encoding_impute_keyvals_sequence.vl.json,1,1000,1000000,1,1000,1,10000,1000,0,10,100,100,0,10,0,100,0,100
interactive_paintbrush_simple_all_normalized.vl.json,1,1000,1000000,1,1000,0,1000,1000,0,10,100,100,0,10,0,100,0,100
bar_month_band_normalized.vl.json,1,10,100,1,1000,0,1000,1000,0,10,100,100,0,10,0,100,0,100
facet_custom_header.vl.json,1,10000,100000,1,1000,1,10000,1000,0,10,100,100,0,10,1,10,0,100
point_1d_normalized.vl.json,1,1000,1000000,0,1,0,1000,1000,0,10,100,100,0,10,0,100,0,100
selection_type_single_mouseover.vl.json,1,10000,1000000,1,100,0,1000,1000,0,10,100,100,0,10,0,100,0,100
bar_aggregate_sort_by_encoding_normalized.vl.json,1,1000,1000000,1,100,0,1000,100,0,10,100,100,0,10,0,100,0,100
point_1d_array_normalized.vl.json,1,100,1000000,0,1,0,1000,1000,0,10,100,100,0,10,0,100,0,100
selection_type_interval_invert_normalized.vl.json,1,10000,1000000,1,100,0,10,1000,0,10,100,1,0,10,0,100,0,100
point_ordinal_color_normalized.vl.json,1,1000,1000000,1,1000,1,1,1000,0,10,100,100,0,10,0,100,0,100
histogram_bin_change.vl.json,1,1000,10000000,0,1000,0,1000,1000,0,10,100,100,0,10,0,100,0,100
bar_filter_calc.vl.json,1,10000,1000000,1,1000,0,1000,1000,0,10,100,100,0,10,0,100,0,100
selection_project_single_cylinders_origin_normalized.vl.json,1,1000,1000000,1,1000,0,1000,1000,0,10,100,100,0,10,0,100,0,100
point_colorramp_size_normalized.vl.json,1,1000,1000000,1,1000,1,10,1000,1,1,100,100,0,10,0,100,0,100
selection_project_multi_cylinders_origin.vl.json,1,1000,1000000,1,1000,0,1000,1000,0,10,100,100,0,10,0,100,0,100
line_calculate_normalized.vl.json,1,10,100,1,1000,0,1000,1000,0,10,100,100,0,10,0,100,0,100
time_output_utc_scale.vl.json,1,10,1000000,1,1000,0,1000,1000,0,10,100,100,0,10,0,100,0,100
circle_binned_maxbins_20.vl.json,1,1000,1000000,1,1000,0,1000,1000,0,1,10,100,0,10,0,100,0,100
line_calculate.vl.json,1,10,100,1,1000,0,1000,1000,0,10,100,100,0,10,0,100,0,100
point_2d_normalized.vl.json,1,1000,1000000,1,1000,0,1000,1000,0,10,100,100,0,10,0,100,0,100
line_normalized.vl.json,1,10,1000000,1,1000,0,1000,1000,0,10,100,100,0,10,0,100,0,100
bar_month_temporal.vl.json,1,10,100,1,1000,0,1000,1000,0,10,100,100,0,10,0,100,0,100
point_color_with_shape.vl.json,1,1000,1000000,1,1000,1,10000,1000,0,10,100,100,1,1,0,100,0,100
bar_title_start.vl.json,1,10000,1000000,1,1000,0,1000,1000,0,10,100,100,0,10,0,100,0,100
area_normalized.vl.json,1,10,100000,1,1000,0,1000,1000,0,10,100,100,0,10,0,100,0,100
bar_swap_custom_normalized.vl.json,1,1000,1000000,1,10,0,1000,1,0,10,100,100,0,10,0,100,0,100
line_max_year.vl.json,1,10,10000,1,1000,0,1000,1000,0,10,100,100,0,10,0,100,0,100
test_subobject.vl.json,1,1000,1000000,1,1000,0,1000,1000,0,10,100,100,0,10,0,100,0,100
selection_bind_cylyr.vl.json,1,1000,1000000,1,1000,0,1000,1000,0,10,100,100,0,10,0,100,0,100
bar_yearmonth_normalized.vl.json,1,10,100,1,1000,0,1000,1000,0,10,100,100,0,10,0,100,0,100
trellis_stacked_bar.vl.json,1,1000,1000000,1,10,1,10000,100,0,10,100,100,0,10,1,1,0,100
line_impute_method.vl.json,1,1000,1000000,1,1000,1,10000,1000,0,10,100,100,0,10,0,100,0,100
line_impute_transform_frame_normalized.vl.json,1,1000,1000000,1,1000,1,10000,1000,0,10,100,100,0,10,0,100,0,100
bar_size_responsive_normalized.vl.json,1,100,10000000,0,1000,0,1000,1000,0,10,100,100,0,10,0,100,0,100
trellis_scatter_small.vl.json,1,1000,1000000,1,1000,0,1000,1000,0,10,100,100,0,10,1,1,0,100
selection_type_single_mouseover_normalized.vl.json,1,10000,1000000,1,100,0,1000,1000,0,10,100,100,0,10,0,100,0,100
line_color_normalized.vl.json,1,10,1000000,1,1000,1,10000,1000,0,10,100,100,0,10,0,100,0,100
selection_zoom_scatterplot_wheel.vl.json,1,1000,1000000,1,1000,0,1000,1000,1,1,100,100,0,10,0,100,0,100
area.vl.json,1,10,100000,1,1000,0,1000,1000,0,10,100,100,0,10,0,100,0,100
tick_strip.vl.json,1,1000,1000000,1,100,0,1000,1000,0,10,100,100,0,10,0,100,0,100
selection_toggle_altKey_normalized.vl.json,1,1000,1000000,1,1000,0,1000,1000,0,10,100,100,0,10,0,100,0,100
boxplot_1D_horizontal.vl.json,1,1000,1000000,0,1,0,1000,1000,0,10,100,100,0,10,0,100,0,100
line_quarter_legend_normalized.vl.json,1,10,100,1,1000,1,100,1000,0,10,100,100,0,10,0,100,0,100
time_output_utc_timeunit.vl.json,1,10,1000000,1,1000,0,1000,1000,0,10,100,100,0,10,0,100,0,100
trellis_bar_histogram_label_rotated.vl.json,1,1000,10000000,0,1000,0,1000,1000,0,10,100,100,0,10,0,100,1,10
bar_aggregate_transform.vl.json,1,10000,1000000,1,1000,0,1000,1000,0,10,100,100,0,10,0,100,0,100
joinaggregate_percent_of_total_normalized.vl.json,1,1000,1000000,1,10,0,1000,1000,0,10,100,100,0,10,0,100,0,100
bar_distinct_normalized.vl.json,1,100,10,1,1000,0,1000,1000,0,10,100,100,0,10,0,100,0,100
point_color_ordinal_normalized.vl.json,1,1000,1000000,1,1000,1,1,1000,0,10,100,100,0,10,0,100,0,100
selection_project_interval_x_y.vl.json,1,10000,1000000,1,100,0,1000,1000,0,10,100,100,0,10,0,100,0,100
bar_array_aggregate_normalized.vl.json,1,100,1000,1,1000,0,1000,1000,0,10,100,100,0,10,0,100,0,100
line_encoding_impute_keyvals_sequence_normalized.vl.json,1,1000,1000000,1,1000,1,10000,1000,0,10,100,100,0,10,0,100,0,100
point_color.vl.json,1,1000,1000000,1,1000,1,10000,1000,0,10,100,100,0,10,0,100,0,100
bar_argmax_transform_normalized.vl.json,1,1000,1000000,1,10,0,1000,1000,0,10,100,100,0,10,0,100,0,100
test_subobject_normalized.vl.json,1,1000,1000000,1,1000,0,1000,1000,0,10,100,100,0,10,0,100,0,100
point_diverging_color_normalized.vl.json,1,1000,1000000,1,1000,1,10,1000,0,10,100,100,0,10,0,100,0,100
selection_project_single_origin_normalized.vl.json,1,1000,1000000,1,1000,0,1000,1000,0,10,100,100,0,10,0,100,0,100
window_top_k.vl.json,1,1000,1000000,1,10,0,1000,1000,0,10,100,100,0,10,0,100,0,100
interactive_paintbrush_simple_none_normalized.vl.json,1,1000,1000000,1,1000,0,1000,1000,0,10,100,100,0,10,0,100,0,100
point_color_shape_constant_normalized.vl.json,1,1000,1000000,1,1000,0,1000,1000,0,10,100,100,0,10,0,100,0,100
bar_size_step_small_normalized.vl.json,1,100,10000000,0,1000,0,1000,1000,0,10,100,100,0,10,0,100,0,100
bar_aggregate_normalized.vl.json,1,1000,1000000,1,100,0,1000,100,0,10,100,100,0,10,0,100,0,100
time_parse_local.vl.json,0,1,1000000,1,100,0,1000,1000,0,10,100,100,0,10,0,100,0,100
point_color_quantitative_normalized.vl.json,1,1000,1000000,1,1000,1,10,1000,0,10,100,100,0,10,0,100,0,100
line.vl.json,1,10,1000000,1,1000,0,1000,1000,0,10,100,100,0,10,0,100,0,100
bar_custom_sort_full.vl.json,1,10000,1000000,1,1000,0,1000,1000,0,10,100,100,0,10,0,100,0,100
point_color_custom.vl.json,1,1000,1000000,1,1000,1,10000,1000,0,10,100,100,0,10,0,100,0,100
selection_project_multi_cylinders_normalized.vl.json,1,1000,1000000,1,1000,0,1000,1000,0,10,100,100,0,10,0,100,0,100
stacked_area.vl.json,1,10,100000,1,1000,1,10000,1000,0,10,100,100,0,10,0,100,0,100
line_impute_transform_frame.vl.json,1,1000,1000000,1,1000,1,10000,1000,0,10,100,100,0,10,0,100,0,100
line_impute_transform_value.vl.json,1,1000,1000000,1,1000,1,10000,1000,0,10,100,100,0,10,0,100,0,100
bar_custom_sort_partial_normalized.vl.json,1,10000,1000000,1,1000,0,1000,1000,0,10,100,100,0,10,0,100,0,100
line_outside_domain.vl.json,1,1000,1000000,1,1000,0,1000,1000,0,10,100,100,0,10,0,100,0,100
bar_month_temporal_normalized.vl.json,1,10,100,1,1000,0,1000,1000,0,10,100,100,0,10,0,100,0,100
test_field_with_spaces_normalized.vl.json,1,1000,1000000,1,1000,0,1000,1000,0,10,100,100,0,10,0,100,0,100
selection_project_multi_origin.vl.json,1,1000,1000000,1,1000,0,1000,1000,0,10,100,100,0,10,0,100,0,100
selection_type_single.vl.json,1,10000,1000000,1,100,0,1000,1000,0,10,100,100,0,10,0,100,0,100
point_color_custom_normalized.vl.json,1,1000,1000000,1,1000,1,10000,1000,0,10,100,100,0,10,0,100,0,100
test_single_point_color.vl.json,0,1,1000000,0,1,0,1000,1000,0,10,100,100,0,10,0,100,0,100
bar_aggregate_transform_normalized.vl.json,1,10000,1000000,1,1000,0,1000,1000,0,10,100,100,0,10,0,100,0,100
circle.vl.json,1,1000,1000000,1,1000,0,1000,1000,0,10,100,100,0,10,0,100,0,100
selection_zoom_scatterplot_shift-wheel_normalized.vl.json,1,1000,1000000,1,1000,0,1000,1000,1,1,100,100,0,10,0,100,0,100
stacked_bar_population_normalized.vl.json,1,10000,100000,1,1000,1,10000,1000,0,10,100,100,0,10,0,100,0,100
point_bubble_normalized.vl.json,1,1000,1000000,1,1000,0,1000,1000,1,1,100,100,0,10,0,100,0,100
bar_sort_by_count.vl.json,1,100,10000000,0,1000,0,1000,1000,0,10,100,100,0,10,0,100,0,100
bar_custom_sort_partial.vl.json,1,10000,1000000,1,1000,0,1000,1000,0,10,100,100,0,10,0,100,0,100
time_output_utc_scale_normalized.vl.json,1,10,1000000,1,1000,0,1000,1000,0,10,100,100,0,10,0,100,0,100
time_parse_utc_format_normalized.vl.json,0,1,1000000,1,100,0,1000,1000,0,10,100,100,0,10,0,100,0,100
circle_binned_maxbins_20_normalized.vl.json,1,1000,1000000,1,1000,0,1000,1000,0,1,10,100,0,10,0,100,0,100
point_color_ordinal.vl.json,1,1000,1000000,1,1000,1,1,1000,0,10,100,100,0,10,0,100,0,100
circle_github_punchcard_normalized.vl.json,1,10000,1000000,1,100,0,1000,1000,1,1,1,100,0,10,0,100,0,100
stacked_bar_h.vl.json,1,1000,1000000,1,10,1,10000,100,0,10,100,100,0,10,0,100,0,100
bar_aggregate_size_normalized.vl.json,1,10000,100000,1,1000,0,1000,1000,0,10,100,100,0,10,0,100,0,100
bar_custom_sort_full_normalized.vl.json,1,10000,1000000,1,1000,0,1000,1000,0,10,100,100,0,10,0,100,0,100
point_shape_custom.vl.json,1,1000,1000000,1,1000,1,10000,1000,1,1,100,100,0,10,0,100,0,100
bar_month_normalized.vl.json,1,10000,100,1,1000,0,1000,1000,0,10,100,100,0,10,0,100,0,100
point_overlap.vl.json,0,1,1000000,0,1,0,1000,1000,0,10,100,100,0,10,0,100,0,100
line_mean_month.vl.json,1,10,100,1,1000,0,1000,1000,0,10,100,100,0,10,0,100,0,100
selection_composition_and.vl.json,1,10000,1000000,1,100,0,1000,1000,0,10,100,100,0,10,0,100,0,100
circle_flatten_normalized.vl.json,1,1000,1000000,1,10,1,10000,1000,0,10,100,100,0,10,0,100,0,100
selection_type_interval.vl.json,1,10000,1000000,1,100,0,1000,1000,0,10,100,100,0,10,0,100,0,100
circle_binned_maxbins_5_normalized.vl.json,1,1000,1000000,1,1000,0,1000,1000,0,1,10,100,0,10,0,100,0,100
test_subobject_nested_normalized.vl.json,1,1000,1000000,1,1000,0,1000,1000,0,10,100,100,0,10,0,100,0,100
interactive_paintbrush_color_normalized.vl.json,1,1000,1000000,1,1000,0,1000,1000,0,10,100,100,0,10,0,100,0,100
stacked_bar_count.vl.json,1,10000,10000000,1,1000,1,10000,1000,0,10,100,100,0,10,0,100,0,100
test_aggregate_nested_normalized.vl.json,1,1000,1000000,1,10,1,10000,100,0,10,100,100,0,10,0,100,0,100
line_impute_frame_normalized.vl.json,1,1000,1000000,1,1000,1,10000,1000,0,10,100,100,0,10,0,100,0,100
selection_toggle_altKey_shiftKey.vl.json,1,1000,1000000,1,1000,0,1000,1000,0,10,100,100,0,10,0,100,0,100
point_2d_array_named_normalized.vl.json,1,100,1000000,1,1000,0,1000,1000,0,10,100,100,0,10,0,100,0,100
circle_binned_maxbins_2.vl.json,1,1000,1000000,1,1000,0,1000,1000,0,1,10,100,0,10,0,100,0,100
bar_1d_step_config_normalized.vl.json,1,1000,1000000,0,1,0,1000,100,0,10,100,100,0,10,0,100,0,100
selection_project_single_cylinders.vl.json,1,1000,1000000,1,1000,0,1000,1000,0,10,100,100,0,10,0,100,0,100
point_ordinal_color.vl.json,1,1000,1000000,1,1000,1,1,1000,0,10,100,100,0,10,0,100,0,100
bar_size_fit.vl.json,1,100,10000000,0,1000,0,1000,1000,0,10,100,100,0,10,0,100,0,100
point_dot_timeunit_color_normalized.vl.json,1,1000,1000000,0,1,1,100,10,0,10,100,100,0,10,0,100,0,100
bar_swap_axes.vl.json,1,1000,1000000,1,10,0,1000,1,0,10,100,100,0,10,0,100,0,100
line_impute_keyvals.vl.json,1,1000,1000000,1,1000,1,10000,1000,0,10,100,100,0,10,0,100,0,100
time_output_utc_timeunit_normalized.vl.json,1,10,1000000,1,1000,0,1000,1000,0,10,100,100,0,10,0,100,0,100
tick_dot_thickness.vl.json,1,1000,1000000,0,1,0,1000,1000,0,10,100,100,0,10,0,100,0,100
stacked_bar_weather.vl.json,1,10000,10000000,0,1000,1,10000,1000,0,10,100,100,0,10,0,100,0,100
tick_dot_thickness_normalized.vl.json,1,1000,1000000,0,1,0,1000,1000,0,10,100,100,0,10,0,100,0,100
bar_column_pivot_normalized.vl.json,1,100,1000000,1,1000,0,1000,1000,0,10,100,100,0,10,0,100,0,100
bar_month.vl.json,1,10000,100,1,1000,0,1000,1000,0,10,100,100,0,10,0,100,0,100
bar_array_aggregate.vl.json,1,100,1000,1,1000,0,1000,1000,0,10,100,100,0,10,0,100,0,100
stacked_bar_weather_normalized.vl.json,1,10000,10000000,0,1000,1,10000,1000,0,10,100,100,0,10,0,100,0,100
point_2d_array_normalized.vl.json,1,100,1000000,1,1000,0,1000,1000,0,10,100,100,0,10,0,100,0,100
selection_type_multi.vl.json,1,10000,1000000,1,100,0,1000,1000,0,10,100,100,0,10,0,100,0,100
trellis_bar.vl.json,1,10000,100000,1,1000,1,10000,1000,0,10,100,100,0,10,0,100,1,10
bar_swap_custom.vl.json,1,1000,1000000,1,10,0,1000,1,0,10,100,100,0,10,0,100,0,100
tick_sort.vl.json,1,1000,1000000,0,1,0,1000,1000,0,10,100,100,0,10,0,100,0,100
bar_title_normalized.vl.json,1,10000,1000000,1,1000,0,1000,1000,0,10,100,100,0,10,0,100,0,100
stacked_bar_1d.vl.json,1,1000,1000000,0,1,1,10000,100,0,10,100,100,0,10,0,100,0,100
bar_aggregate.vl.json,1,1000,1000000,1,100,0,1000,100,0,10,100,100,0,10,0,100,0,100
bar_yearmonth_custom_format.vl.json,1,10,100,1,1000,0,1000,1000,0,10,100,100,0,10,0,100,0,100
point_2d.vl.json,1,1000,1000000,1,1000,0,1000,1000,0,10,100,100,0,10,0,100,0,100
selection_translate_scatterplot_drag.vl.json,1,1000,1000000,1,1000,0,1000,1000,1,1,100,100,0,10,0,100,0,100
selection_interval_mark_style.vl.json,1,10000,1000000,1,100,0,10,1000,0,10,100,1,0,10,0,100,0,100
interactive_paintbrush_color.vl.json,1,1000,1000000,1,1000,0,1000,1000,0,10,100,100,0,10,0,100,0,100
bar_yearmonth_custom_format_normalized.vl.json,1,10,100,1,1000,0,1000,1000,0,10,100,100,0,10,0,100,0,100
point_2d_array.vl.json,1,100,1000000,1,1000,0,1000,1000,0,10,100,100,0,10,0,100,0,100
bar_aggregate_format.vl.json,1,1000,1000000,1,100,0,1000,100,0,10,100,100,0,10,0,100,0,100
bar_argmax_normalized.vl.json,1,1000,1000000,1,10,0,1000,1000,0,10,100,100,0,10,0,100,0,100
tick_dot.vl.json,1,1000,1000000,0,1,0,1000,1000,0,10,100,100,0,10,0,100,0,100
embedded_csv_normalized.vl.json,0,1,1000000,1,1000,0,1000,1000,0,10,100,100,0,10,0,100,0,100
selection_project_interval.vl.json,1,10000,1000000,1,100,0,1000,1000,0,10,100,100,0,10,0,100,0,100
point_colorramp_size.vl.json,1,1000,1000000,1,1000,1,10,1000,1,1,100,100,0,10,0,100,0,100
circle_binned.vl.json,1,1000,1000000,1,1000,0,1000,1000,0,1,10,100,0,10,0,100,0,100
bar_size_responsive.vl.json,1,100,10000000,0,1000,0,1000,1000,0,10,100,100,0,10,0,100,0,100
time_parse_local_normalized.vl.json,0,1,1000000,1,100,0,1000,1000,0,10,100,100,0,10,0,100,0,100
selection_composition_and_normalized.vl.json,1,10000,1000000,1,100,0,1000,1000,0,10,100,100,0,10,0,100,0,100
bar_aggregate_size.vl.json,1,10000,100000,1,1000,0,1000,1000,0,10,100,100,0,10,0,100,0,100
embedded_csv.vl.json,0,1,1000000,1,1000,0,1000,1000,0,10,100,100,0,10,0,100,0,100
point_overlap_normalized.vl.json,0,1,1000000,0,1,0,1000,1000,0,10,100,100,0,10,0,100,0,100
line_outside_domain_normalized.vl.json,1,1000,1000000,1,1000,0,1000,1000,0,10,100,100,0,10,0,100,0,100
stacked_bar_v_normalized.vl.json,1,100,100000,1,1000,1,10000,1000,0,10,100,100,0,10,0,100,0,100
facet_custom.vl.json,1,10000,100000,1,1000,1,10000,1000,0,10,100,100,0,10,1,10,0,100
bar_swap_axes_normalized.vl.json,1,1000,1000000,1,10,0,1000,1,0,10,100,100,0,10,0,100,0,100
sequence_line.vl.json,1,1000,1000000,1,1000,0,1000,1000,0,10,100,100,0,10,0,100,0,100
stacked_bar_1d_normalized.vl.json,1,1000,1000000,0,1,1,10000,100,0,10,100,100,0,10,0,100,0,100
bar_aggregate_sort_mean.vl.json,1,1000,1000000,1,100,0,1000,100,0,10,100,100,0,10,0,100,0,100
bar_argmax.vl.json,1,1000,1000000,1,10,0,1000,1000,0,10,100,100,0,10,0,100,0,100
bar_month_band.vl.json,1,10,100,1,1000,0,1000,1000,0,10,100,100,0,10,0,100,0,100
selection_type_interval_normalized.vl.json,1,10000,1000000,1,100,0,1000,1000,0,10,100,100,0,10,0,100,0,100
bar_column_fold.vl.json,1,100,1000000,1,1000,1,10000,1000,0,10,100,100,0,10,1,10,0,100
bar_month_temporal_initial_normalized.vl.json,1,10,100,1,1000,0,1000,1000,0,10,100,100,0,10,0,100,0,100
point_2d_array_named.vl.json,1,100,1000000,1,1000,0,1000,1000,0,10,100,100,0,10,0,100,0,100
tick_strip_normalized.vl.json,1,1000,1000000,1,100,0,1000,1000,0,10,100,100,0,10,0,100,0,100
interactive_paintbrush_simple_all.vl.json,1,1000,1000000,1,1000,0,1000,1000,0,10,100,100,0,10,0,100,0,100
selection_project_multi_normalized.vl.json,1,1000,1000000,1,1000,0,1000,1000,0,10,100,100,0,10,0,100,0,100
test_subobject_missing.vl.json,1,10000,1000000,1,1000,0,1000,1000,0,10,100,100,0,10,0,100,0,100
bar_title_start_normalized.vl.json,1,10000,1000000,1,1000,0,1000,1000,0,10,100,100,0,10,0,100,0,100
interactive_paintbrush_interval.vl.json,1,1000,1000000,1,1000,0,1000,1000,0,10,100,100,0,10,0,100,0,100
selection_type_single_dblclick_normalized.vl.json,1,10000,1000000,1,100,0,1000,1000,0,10,100,100,0,10,0,100,0,100
time_parse_utc_format.vl.json,0,1,1000000,1,100,0,1000,1000,0,10,100,100,0,10,0,100,0,100
selection_translate_scatterplot_drag_normalized.vl.json,1,1000,1000000,1,1000,0,1000,1000,1,1,100,100,0,10,0,100,0,100
bar_month_temporal_initial.vl.json,1,10,100,1,1000,0,1000,1000,0,10,100,100,0,10,0,100,0,100
point_shape_custom_normalized.vl.json,1,1000,1000000,1,1000,1,10000,1000,1,1,100,100,0,10,0,100,0,100
test_subobject_missing_normalized.vl.json,1,10000,1000000,1,1000,0,1000,1000,0,10,100,100,0,10,0,100,0,100
selection_project_single_origin.vl.json,1,1000,1000000,1,1000,0,1000,1000,0,10,100,100,0,10,0,100,0,100
bar_size_default.vl.json,1,100,10000000,0,1000,0,1000,1000,0,10,100,100,0,10,0,100,0,100
point_background_normalized.vl.json,1,1000,1000000,1,1000,0,1000,1000,0,10,100,100,0,10,0,100,0,100
bar_aggregate_vertical.vl.json,1,10000,100,1,1000,0,1000,1000,0,10,100,100,0,10,0,100,0,100
rect_heatmap_normalized.vl.json,1,10000,1000000,1,10,1,10,1000,0,10,100,10,0,10,0,100,0,100
line_inside_domain_using_transform_normalized.vl.json,1,1000,1000000,1,1000,0,1000,1000,0,10,100,100,0,10,0,100,0,100
selection_project_single.vl.json,1,1000,1000000,1,1000,0,1000,1000,0,10,100,100,0,10,0,100,0,100
line_impute_keyvals_normalized.vl.json,1,1000,1000000,1,1000,1,10000,1000,0,10,100,100,0,10,0,100,0,100
line_sort_axis.vl.json,1,100,1000000,1,1000,0,1000,1000,0,10,100,100,0,10,0,100,0,100
rule_color_mean_normalized.vl.json,0,1,100,1,1000,1,10000,1000,0,10,100,100,0,10,0,100,0,100
interactive_paintbrush_simple_none.vl.json,1,1000,1000000,1,1000,0,1000,1000,0,10,100,100,0,10,0,100,0,100
test_minimal.json,0,1,1000000,0,1,0,1000,1000,0,10,100,100,0,10,0,100,0,100
selection_bind_cylyr_normalized.vl.json,1,1000,1000000,1,1000,0,1000,1000,0,10,100,100,0,10,0,100,0,100
bar.vl.json,1,10000,1000000,1,1000,0,1000,1000,0,10,100,100,0,10,0,100,0,100
bar_month_band_config_normalized.vl.json,1,10,100,1,1000,0,1000,1000,0,10,100,100,0,10,0,100,0,100
selection_project_interval_x_y_normalized.vl.json,1,10000,1000000,1,100,0,1000,1000,0,10,100,100,0,10,0,100,0,100
point_log.vl.json,1,1000,1000000,1,1000,0,1000,1000,0,10,100,100,0,10,0,100,0,100
area_density.vl.json,1,1000,1000000,1,1000,0,1000,1000,0,10,100,100,0,10,0,100,1,10
selection_toggle_altKey_shiftKey_normalized.vl.json,1,1000,1000000,1,1000,0,1000,1000,0,10,100,100,0,10,0,100,0,100
line_mean_year.vl.json,1,10,100,1,1000,0,1000,1000,0,10,100,100,0,10,0,100,0,100
interactive_brush.vl.json,1,1000,1000000,1,1000,0,1000,1000,0,10,100,100,0,10,0,100,0,100
circle_normalized.vl.json,1,1000,1000000,1,1000,0,1000,1000,0,10,100,100,0,10,0,100,0,100
tick_dot_normalized.vl.json,1,1000,1000000,0,1,0,1000,1000,0,10,100,100,0,10,0,100,0,100
selection_zoom_scatterplot_shift-wheel.vl.json,1,1000,1000000,1,1000,0,1000,1000,1,1,100,100,0,10,0,100,0,100
boxplot_1D_vertical.vl.json,0,1,1000000,1,1000,0,1000,1000,0,10,100,100,0,10,0,100,0,100
line_impute_value_normalized.vl.json,1,1000,1000000,1,1000,1,10000,1000,0,10,100,100,0,10,0,100,0,100
line_mean_month_normalized.vl.json,1,10,100,1,1000,0,1000,1000,0,10,100,100,0,10,0,100,0,100
bar_column_pivot.vl.json,1,100,1000000,1,1000,0,1000,1000,0,10,100,100,0,10,0,100,0,100
line_encoding_impute_keyvals.vl.json,1,1000,1000000,1,1000,1,10000,1000,0,10,100,100,0,10,0,100,0,100
bar_sort_by_count_normalized.vl.json,1,100,10000000,0,1000,0,1000,1000,0,10,100,100,0,10,0,100,0,100
test_single_point_color_normalized.vl.json,0,1,1000000,0,1,0,1000,1000,0,10,100,100,0,10,0,100,0,100
point_1d_array.vl.json,1,100,1000000,0,1,0,1000,1000,0,10,100,100,0,10,0,100,0,100
selection_toggle_altKey.vl.json,1,1000,1000000,1,1000,0,1000,1000,0,10,100,100,0,10,0,100,0,100
bar_filter_calc_normalized.vl.json,1,10000,1000000,1,1000,0,1000,1000,0,10,100,100,0,10,0,100,0,100
test_subobject_nested.vl.json,1,1000,1000000,1,1000,0,1000,1000,0,10,100,100,0,10,0,100,0,100
line_mean_year_normalized.vl.json,1,10,100,1,1000,0,1000,1000,0,10,100,100,0,10,0,100,0,100
histogram_bin_change_normalized.vl.json,1,1000,10000000,0,1000,0,1000,1000,0,10,100,100,0,10,0,100,0,100
point_color_shape_constant.vl.json,1,1000,1000000,1,1000,0,1000,1000,0,10,100,100,0,10,0,100,0,100
bar_argmax_transform.vl.json,1,1000,1000000,1,10,0,1000,1000,0,10,100,100,0,10,0,100,0,100
line_slope.vl.json,1,10000,1,1,1000,1,10000,1000,0,10,100,100,0,10,0,100,0,100
stacked_bar_normalize_normalized.vl.json,1,10000,100000,1,1000,1,10000,1000,0,10,100,100,0,10,0,100,0,100
lookup_normalized.vl.json,1,10000,100,1,1000,0,1000,1000,0,10,100,100,0,10,0,100,0,100
bar_month_band_config.vl.json,1,10,100,1,1000,0,1000,1000,0,10,100,100,0,10,0,100,0,100
point_color_quantitative.vl.json,1,1000,1000000,1,1000,1,10,1000,0,10,100,100,0,10,0,100,0,100
selection_clear_brush.vl.json,1,1000,1000000,1,1000,0,1000,1000,0,10,100,100,0,10,0,100,0,100
trellis_column_year.vl.json,1,10000,100,1,1000,1,10000,1000,0,10,100,100,0,10,1,1,0,100
line_quarter_legend.vl.json,1,10,100,1,1000,1,100,1000,0,10,100,100,0,10,0,100,0,100
stacked_bar_normalize.vl.json,1,10000,100000,1,1000,1,10000,1000,0,10,100,100,0,10,0,100,0,100
line_impute_value.vl.json,1,1000,1000000,1,1000,1,10000,1000,0,10,100,100,0,10,0,100,0,100
line_impute_frame.vl.json,1,1000,1000000,1,1000,1,10000,1000,0,10,100,100,0,10,0,100,0,100
circle_binned_maxbins_2_normalized.vl.json,1,1000,1000000,1,1000,0,1000,1000,0,1,10,100,0,10,0,100,0,100
selection_project_interval_y_normalized.vl.json,1,10000,1000000,1,100,0,1000,1000,0,10,100,100,0,10,0,100,0,100
selection_clear_brush_normalized.vl.json,1,1000,1000000,1,1000,0,1000,1000,0,10,100,100,0,10,0,100,0,100
selection_project_multi_cylinders.vl.json,1,1000,1000000,1,1000,0,1000,1000,0,10,100,100,0,10,0,100,0,100
boxplot_2D_horizontal_color_size.vl.json,1,1000,1000000,1,100,0,1000,1000,0,10,100,100,0,10,0,100,0,100
bar_size_default_normalized.vl.json,1,100,10000000,0,1000,0,1000,1000,0,10,100,100,0,10,0,100,0,100
bar_aggregate_sort_mean_normalized.vl.json,1,1000,1000000,1,100,0,1000,100,0,10,100,100,0,10,0,100,0,100
circle_github_punchcard.vl.json,1,10000,1000000,1,100,0,1000,1000,1,1,1,100,0,10,0,100,0,100
selection_translate_scatterplot_shift-drag.vl.json,1,1000,1000000,1,1000,0,1000,1000,1,1,100,100,0,10,0,100,0,100
circle_flatten.vl.json,1,1000,1000000,1,10,1,10000,1000,0,10,100,100,0,10,0,100,0,100
bar_size_fit_normalized.vl.json,1,100,10000000,0,1000,0,1000,1000,0,10,100,100,0,10,0,100,0,100
interactive_brush_normalized.vl.json,1,1000,1000000,1,1000,0,1000,1000,0,10,100,100,0,10,0,100,0,100
selection_type_single_normalized.vl.json,1,10000,1000000,1,100,0,1000,1000,0,10,100,100,0,10,0,100,0,100
trellis_row_column.vl.json,1,1000,1000000,1,1000,1,10000,1000,0,10,100,100,1,1,1,1,1,1
line_timeunit_transform.vl.json,1,10,10000,1,1000,0,1000,1000,0,10,100,100,0,10,0,100,0,100
sequence_line_normalized.vl.json,1,1000,1000000,1,1000,0,1000,1000,0,10,100,100,0,10,0,100,0,100
selection_project_single_normalized.vl.json,1,1000,1000000,1,1000,0,1000,1000,0,10,100,100,0,10,0,100,0,100
point_color_normalized.vl.json,1,1000,1000000,1,1000,1,10000,1000,0,10,100,100,0,10,0,100,0,100
selection_project_multi.vl.json,1,1000,1000000,1,1000,0,1000,1000,0,10,100,100,0,10,0,100,0,100
line_shape_overlay.vl.json,1,10,1000000,1,1000,0,1000,1000,0,10,100,100,0,10,0,100,0,100
bar_fit.vl.json,1,10000,1000000,1,1000,0,1000,1000,0,10,100,100,0,10,0,100,0,100
bar_aggregate_format_normalized.vl.json,1,1000,1000000,1,100,0,1000,100,0,10,100,100,0,10,0,100,0,100
line_slope_normalized.vl.json,1,10000,1,1,1000,1,10000,1000,0,10,100,100,0,10,0,100,0,100
point_diverging_color.vl.json,1,1000,1000000,1,1000,1,10,1000,0,10,100,100,0,10,0,100,0,100
point_2d_aggregate.vl.json,1,100,1000,1,1000,0,1000,1000,0,10,100,100,0,10,0,100,0,100
window_top_k_normalized.vl.json,1,1000,1000000,1,10,0,1000,1000,0,10,100,100,0,10,0,100,0,100
test_aggregate_nested.vl.json,1,1000,1000000,1,10,1,10000,100,0,10,100,100,0,10,0,100,0,100
trellis_line_quarter.vl.json,1,10000,100,1,1000,1,10000,1000,0,10,100,100,0,10,1,1,0,100
line_color.vl.json,1,10,1000000,1,1000,1,10000,1000,0,10,100,100,0,10,0,100,0,100
selection_type_interval_invert.vl.json,1,10000,1000000,1,100,0,10,1000,0,10,100,1,0,10,0,100,0,100
point_background.vl.json,1,1000,1000000,1,1000,0,1000,1000,0,10,100,100,0,10,0,100,0,100
trellis_bar_histogram.vl.json,1,1000,10000000,0,1000,0,1000,1000,0,10,100,100,0,10,0,100,1,10
lookup.vl.json,1,10000,100,1,1000,0,1000,1000,0,10,100,100,0,10,0,100,0,100
selection_project_multi_cylinders_origin_normalized.vl.json,1,1000,1000000,1,1000,0,1000,1000,0,10,100,100,0,10,0,100,0,100
test_field_with_spaces.vl.json,1,1000,1000000,1,1000,0,1000,1000,0,10,100,100,0,10,0,100,0,100
selection_toggle_shiftKey.vl.json,1,1000,1000000,1,1000,0,1000,1000,0,10,100,100,0,10,0,100,0,100
selection_interval_mark_style_normalized.vl.json,1,10000,1000000,1,100,0,10,1000,0,10,100,1,0,10,0,100,0,100
bar_distinct.vl.json,1,100,10,1,1000,0,1000,1000,0,10,100,100,0,10,0,100,0,100
selection_translate_scatterplot_shift-drag_normalized.vl.json,1,1000,1000000,1,1000,0,1000,1000,1,1,100,100,0,10,0,100,0,100
circle_binned_normalized.vl.json,1,1000,1000000,1,1000,0,1000,1000,0,1,10,100,0,10,0,100,0,100
selection_project_multi_origin_normalized.vl.json,1,1000,1000000,1,1000,0,1000,1000,0,10,100,100,0,10,0,100,0,100
joinaggregate_percent_of_total.vl.json,1,1000,1000000,1,10,0,1000,1000,0,10,100,100,0,10,0,100,0,100
